[{"id":1,"first_name":"Aldous","last_name":"Drissell","email":"adrissell0@edublogs.org","date_of_birth":"2015-05-05T06:18:12Z","age":56,"country":"Malaysia","phone":"8898927667"},
{"id":2,"first_name":"Larissa","last_name":"Sandever","email":"lsandever1@joomla.org","date_of_birth":"1982-05-01T03:16:30Z","age":26,"country":"Pakistan","phone":"2315313399"},
{"id":3,"first_name":"Bron","last_name":"Allkins","email":"ballkins2@vkontakte.ru","date_of_birth":"1996-02-01T16:48:16Z","age":27,"country":"China","phone":"7287791978"},
{"id":4,"first_name":"Amabel","last_name":"Summerfield","email":"asummerfield3@latimes.com","date_of_birth":"2008-10-16T02:38:43Z","age":33,"country":"Croatia","phone":"5203993323"},
{"id":5,"first_name":"Karol","last_name":"Privett","email":"kprivett4@google.ru","date_of_birth":"1972-09-28T23:22:11Z","age":31,"country":"Macedonia","phone":"1026280679"},
{"id":6,"first_name":"Ania","last_name":"Sarra","email":"asarra5@instagram.com","date_of_birth":"1971-09-24T06:48:16Z","age":38,"country":"Portugal","phone":"3845060667"},
{"id":7,"first_name":"Phaedra","last_name":"Dankov","email":"pdankov6@telegraph.co.uk","date_of_birth":"1987-05-07T09:54:16Z","age":44,"country":"Mexico","phone":"9758708783"},
{"id":8,"first_name":"Deny","last_name":"Delouch","email":"ddelouch7@rakuten.co.jp","date_of_birth":"1984-10-07T23:12:44Z","age":56,"country":"Malaysia","phone":"6573041812"},
{"id":9,"first_name":"Alexia","last_name":"Longbothom","email":"alongbothom8@soundcloud.com","date_of_birth":"1985-03-09T18:33:58Z","age":39,"country":"Panama","phone":"7644875762"},
{"id":10,"first_name":"Obadiah","last_name":"Tuckie","email":"otuckie9@washingtonpost.com","date_of_birth":"1999-03-02T04:59:39Z","age":58,"country":"Panama","phone":"7268934858"},
{"id":11,"first_name":"Kerwin","last_name":"Dicte","email":"kdictea@comcast.net","date_of_birth":"2023-02-16T11:45:51Z","age":43,"country":"Saudi Arabia","phone":"2648248025"},
{"id":12,"first_name":"Celestina","last_name":"Artindale","email":"cartindaleb@cpanel.net","date_of_birth":"1978-06-17T13:18:36Z","age":52,"country":"Honduras","phone":"8266326863"},
{"id":13,"first_name":"Meridith","last_name":"Stedson","email":"mstedsonc@ow.ly","date_of_birth":"1990-01-13T23:15:49Z","age":56,"country":"Mongolia","phone":"9266496918"},
{"id":14,"first_name":"Stanislaus","last_name":"Gobolos","email":"sgobolosd@fema.gov","date_of_birth":"2008-09-05T15:06:44Z","age":24,"country":"Brazil","phone":"8356718733"},
{"id":15,"first_name":"Patin","last_name":"Lailey","email":"plaileye@imdb.com","date_of_birth":"1979-01-21T17:30:14Z","age":37,"country":"Brazil","phone":"2793619358"},
{"id":16,"first_name":"Brian","last_name":"Videler","email":"bvidelerf@redcross.org","date_of_birth":"2013-04-11T06:28:17Z","age":30,"country":"Portugal","phone":"7025842713"},
{"id":17,"first_name":"Roy","last_name":"Surgener","email":"rsurgenerg@t-online.de","date_of_birth":"1971-07-25T09:11:42Z","age":25,"country":"Brazil","phone":"6935088381"},
{"id":18,"first_name":"Breanne","last_name":"Cristou","email":"bcristouh@ustream.tv","date_of_birth":"1993-11-19T20:00:14Z","age":36,"country":"China","phone":"5879989795"},
{"id":19,"first_name":"Agustin","last_name":"Cowle","email":"acowlei@mozilla.com","date_of_birth":"2003-08-19T21:35:13Z","age":40,"country":"Burkina Faso","phone":"9082374422"},
{"id":20,"first_name":"Carina","last_name":"Keenlayside","email":"ckeenlaysidej@wired.com","date_of_birth":"1974-08-19T08:58:18Z","age":23,"country":"Philippines","phone":"6089603213"},
{"id":21,"first_name":"Chloette","last_name":"Huygens","email":"chuygensk@blinklist.com","date_of_birth":"2005-04-14T07:32:02Z","age":49,"country":"China","phone":"3223205651"},
{"id":22,"first_name":"Daryl","last_name":"Edelman","email":"dedelmanl@cpanel.net","date_of_birth":"2020-02-06T13:57:43Z","age":32,"country":"China","phone":"5977148675"},
{"id":23,"first_name":"Philip","last_name":"Clacey","email":"pclaceym@arizona.edu","date_of_birth":"1979-02-27T02:24:00Z","age":54,"country":"Indonesia","phone":"4262741122"},
{"id":24,"first_name":"Emmalee","last_name":"Olesen","email":"eolesenn@github.io","date_of_birth":"2016-08-06T19:50:52Z","age":28,"country":"Bosnia and Herzegovina","phone":"9589530808"},
{"id":25,"first_name":"Kellen","last_name":"Matelaitis","email":"kmatelaitiso@jigsy.com","date_of_birth":"2014-10-16T05:52:59Z","age":35,"country":"Indonesia","phone":"9682678408"},
{"id":26,"first_name":"Erny","last_name":"Windybank","email":"ewindybankp@ovh.net","date_of_birth":"2000-10-16T07:03:05Z","age":54,"country":"Poland","phone":"7005234410"},
{"id":27,"first_name":"Ellissa","last_name":"Ranvoise","email":"eranvoiseq@harvard.edu","date_of_birth":"1993-07-20T17:41:32Z","age":46,"country":"Indonesia","phone":"3147595755"},
{"id":28,"first_name":"Thatcher","last_name":"Alves","email":"talvesr@loc.gov","date_of_birth":"2012-12-18T05:20:06Z","age":44,"country":"Russia","phone":"3406162850"},
{"id":29,"first_name":"Lucian","last_name":"Archibould","email":"larchiboulds@spiegel.de","date_of_birth":"1987-10-12T03:44:57Z","age":38,"country":"Israel","phone":"1926589327"},
{"id":30,"first_name":"Ileana","last_name":"Mease","email":"imeaset@newsvine.com","date_of_birth":"1999-09-19T10:44:32Z","age":21,"country":"Indonesia","phone":"3378350994"},
{"id":31,"first_name":"Joey","last_name":"Sebring","email":"jsebringu@alexa.com","date_of_birth":"2018-04-19T00:35:23Z","age":57,"country":"China","phone":"9826371138"},
{"id":32,"first_name":"Deb","last_name":"Renouf","email":"drenoufv@pen.io","date_of_birth":"1985-03-05T08:10:29Z","age":22,"country":"Philippines","phone":"1879122241"},
{"id":33,"first_name":"Guenevere","last_name":"Perle","email":"gperlew@geocities.jp","date_of_birth":"1973-03-02T05:08:55Z","age":55,"country":"Argentina","phone":"5587401616"},
{"id":34,"first_name":"Derrek","last_name":"Luckman","email":"dluckmanx@technorati.com","date_of_birth":"2009-01-23T08:56:29Z","age":19,"country":"Philippines","phone":"3705065316"},
{"id":35,"first_name":"Rockwell","last_name":"Getley","email":"rgetleyy@imgur.com","date_of_birth":"1987-04-03T02:50:27Z","age":21,"country":"Brazil","phone":"9307841819"},
{"id":36,"first_name":"Nadiya","last_name":"Colliver","email":"ncolliverz@e-recht24.de","date_of_birth":"1970-10-31T23:12:06Z","age":23,"country":"Ethiopia","phone":"9823969322"},
{"id":37,"first_name":"Christian","last_name":"Bento","email":"cbento10@telegraph.co.uk","date_of_birth":"1989-01-03T16:26:25Z","age":50,"country":"Lithuania","phone":"4179018520"},
{"id":38,"first_name":"Junette","last_name":"Massey","email":"jmassey11@pbs.org","date_of_birth":"1994-04-26T21:21:09Z","age":53,"country":"Philippines","phone":"7474205936"},
{"id":39,"first_name":"Gabbi","last_name":"Freiberg","email":"gfreiberg12@t.co","date_of_birth":"1981-06-27T02:27:51Z","age":46,"country":"China","phone":"5076079678"},
{"id":40,"first_name":"Blayne","last_name":"Redmile","email":"bredmile13@virginia.edu","date_of_birth":"2010-10-31T22:43:24Z","age":40,"country":"China","phone":"7713236928"},
{"id":41,"first_name":"Eryn","last_name":"Ashlin","email":"eashlin14@qq.com","date_of_birth":"2010-08-01T21:06:59Z","age":36,"country":"China","phone":"1223189786"},
{"id":42,"first_name":"Gwyneth","last_name":"Hawkett","email":"ghawkett15@un.org","date_of_birth":"1988-01-20T22:26:29Z","age":46,"country":"Sweden","phone":"1963993907"},
{"id":43,"first_name":"Ellsworth","last_name":"Gosling","email":"egosling16@hubpages.com","date_of_birth":"1988-09-02T01:24:59Z","age":37,"country":"China","phone":"9365690834"},
{"id":44,"first_name":"Pauli","last_name":"Sansome","email":"psansome17@salon.com","date_of_birth":"2011-06-11T05:58:34Z","age":42,"country":"Indonesia","phone":"7147203572"},
{"id":45,"first_name":"Geraldine","last_name":"Bunting","email":"gbunting18@apache.org","date_of_birth":"2002-12-20T13:44:34Z","age":43,"country":"China","phone":"3666124608"},
{"id":46,"first_name":"Shandy","last_name":"Borrott","email":"sborrott19@dion.ne.jp","date_of_birth":"1997-09-07T17:03:29Z","age":23,"country":"Indonesia","phone":"1752047042"},
{"id":47,"first_name":"Jayson","last_name":"Eckhard","email":"jeckhard1a@meetup.com","date_of_birth":"1974-03-22T00:26:17Z","age":51,"country":"Indonesia","phone":"3338922479"},
{"id":48,"first_name":"Nell","last_name":"Ashbey","email":"nashbey1b@so-net.ne.jp","date_of_birth":"1988-11-20T19:50:45Z","age":37,"country":"Sweden","phone":"5411136873"},
{"id":49,"first_name":"Care","last_name":"Portinari","email":"cportinari1c@gmpg.org","date_of_birth":"1976-01-25T21:16:30Z","age":33,"country":"China","phone":"5214653000"},
{"id":50,"first_name":"Peggi","last_name":"Brisker","email":"pbrisker1d@jalbum.net","date_of_birth":"1973-03-25T17:32:03Z","age":42,"country":"China","phone":"5465625136"},
{"id":51,"first_name":"Mellisa","last_name":"Norree","email":"mnorree1e@umich.edu","date_of_birth":"1993-11-03T06:36:08Z","age":39,"country":"China","phone":"2407518760"},
{"id":52,"first_name":"Lucille","last_name":"Lethieulier","email":"llethieulier1f@yale.edu","date_of_birth":"2018-02-19T18:06:04Z","age":30,"country":"China","phone":"2661856772"},
{"id":53,"first_name":"Phillida","last_name":"Linguard","email":"plinguard1g@bandcamp.com","date_of_birth":"2000-03-28T13:35:03Z","age":38,"country":"Brazil","phone":"9824780212"},
{"id":54,"first_name":"Erica","last_name":"O'Carmody","email":"eocarmody1h@slate.com","date_of_birth":"1976-05-07T00:43:10Z","age":55,"country":"Thailand","phone":"4413888228"},
{"id":55,"first_name":"Brook","last_name":"Coxwell","email":"bcoxwell1i@creativecommons.org","date_of_birth":"1994-04-09T15:30:56Z","age":34,"country":"Brazil","phone":"1253770819"},
{"id":56,"first_name":"Keefer","last_name":"Niesel","email":"kniesel1j@foxnews.com","date_of_birth":"1997-01-15T00:44:53Z","age":38,"country":"France","phone":"7793288980"},
{"id":57,"first_name":"Loralee","last_name":"Parker","email":"lparker1k@spiegel.de","date_of_birth":"2012-02-17T18:06:36Z","age":31,"country":"Russia","phone":"4618258115"},
{"id":58,"first_name":"Valerie","last_name":"Eslinger","email":"veslinger1l@deviantart.com","date_of_birth":"1976-03-27T05:46:14Z","age":55,"country":"China","phone":"4967425890"},
{"id":59,"first_name":"Bar","last_name":"Packington","email":"bpackington1m@ycombinator.com","date_of_birth":"2003-07-05T11:37:14Z","age":39,"country":"Philippines","phone":"2259916315"},
{"id":60,"first_name":"Georgie","last_name":"Kynforth","email":"gkynforth1n@dmoz.org","date_of_birth":"1992-09-11T07:04:42Z","age":30,"country":"China","phone":"8635845630"},
{"id":61,"first_name":"Marcy","last_name":"Barttrum","email":"mbarttrum1o@arizona.edu","date_of_birth":"1972-11-28T23:39:29Z","age":52,"country":"Japan","phone":"9274186750"},
{"id":62,"first_name":"Ulrica","last_name":"Durak","email":"udurak1p@csmonitor.com","date_of_birth":"2023-05-08T13:06:23Z","age":20,"country":"Albania","phone":"9015458380"},
{"id":63,"first_name":"Trenna","last_name":"Wheelan","email":"twheelan1q@shinystat.com","date_of_birth":"1988-10-10T09:22:15Z","age":49,"country":"Russia","phone":"1756680672"},
{"id":64,"first_name":"Sonny","last_name":"Abernethy","email":"sabernethy1r@ebay.co.uk","date_of_birth":"2005-08-09T22:53:15Z","age":29,"country":"Greece","phone":"5366459115"},
{"id":65,"first_name":"Mimi","last_name":"Landrieu","email":"mlandrieu1s@forbes.com","date_of_birth":"2017-09-02T03:40:10Z","age":41,"country":"Croatia","phone":"5201676570"},
{"id":66,"first_name":"Raynard","last_name":"Gravells","email":"rgravells1t@digg.com","date_of_birth":"2013-10-26T02:17:52Z","age":45,"country":"China","phone":"4585928214"},
{"id":67,"first_name":"Hernando","last_name":"Need","email":"hneed1u@utexas.edu","date_of_birth":"1980-12-01T23:33:35Z","age":23,"country":"Morocco","phone":"3237918551"},
{"id":68,"first_name":"Seward","last_name":"Longridge","email":"slongridge1v@theatlantic.com","date_of_birth":"1988-12-04T23:57:39Z","age":42,"country":"Moldova","phone":"1655178247"},
{"id":69,"first_name":"Guinna","last_name":"McColgan","email":"gmccolgan1w@harvard.edu","date_of_birth":"1989-02-11T15:32:03Z","age":36,"country":"Sierra Leone","phone":"6879869573"},
{"id":70,"first_name":"Alexa","last_name":"Dufaur","email":"adufaur1x@bravesites.com","date_of_birth":"1985-09-01T04:29:26Z","age":41,"country":"Philippines","phone":"1415380717"},
{"id":71,"first_name":"Caroljean","last_name":"Glanvill","email":"cglanvill1y@whitehouse.gov","date_of_birth":"1986-11-02T01:45:37Z","age":24,"country":"China","phone":"7973629561"},
{"id":72,"first_name":"Ginger","last_name":"Botwright","email":"gbotwright1z@slate.com","date_of_birth":"1985-09-15T09:58:20Z","age":29,"country":"Indonesia","phone":"4723243463"},
{"id":73,"first_name":"Travis","last_name":"Hadny","email":"thadny20@symantec.com","date_of_birth":"1979-10-23T07:53:09Z","age":18,"country":"Ukraine","phone":"2609999376"},
{"id":74,"first_name":"Branden","last_name":"Bathersby","email":"bbathersby21@flickr.com","date_of_birth":"1997-03-11T01:38:39Z","age":23,"country":"China","phone":"2857124584"},
{"id":75,"first_name":"Killian","last_name":"Jandel","email":"kjandel22@amazonaws.com","date_of_birth":"2016-04-20T16:42:06Z","age":19,"country":"Vietnam","phone":"7818060520"},
{"id":76,"first_name":"Carroll","last_name":"Schroter","email":"cschroter23@bigcartel.com","date_of_birth":"1999-07-12T22:19:46Z","age":38,"country":"Philippines","phone":"6222962672"},
{"id":77,"first_name":"Bibbie","last_name":"Lancett","email":"blancett24@weather.com","date_of_birth":"1983-12-31T00:54:02Z","age":34,"country":"Spain","phone":"9244360370"},
{"id":78,"first_name":"Walden","last_name":"Battrum","email":"wbattrum25@google.ru","date_of_birth":"1979-07-15T08:49:42Z","age":40,"country":"Indonesia","phone":"8165442978"},
{"id":79,"first_name":"Alard","last_name":"Chapleo","email":"achapleo26@java.com","date_of_birth":"1983-07-22T06:44:48Z","age":29,"country":"Belarus","phone":"1356558636"},
{"id":80,"first_name":"Reeta","last_name":"Dodgshun","email":"rdodgshun27@timesonline.co.uk","date_of_birth":"1997-09-23T12:23:15Z","age":18,"country":"Madagascar","phone":"2289140357"},
{"id":81,"first_name":"Melessa","last_name":"Curtain","email":"mcurtain28@accuweather.com","date_of_birth":"2017-04-25T22:16:57Z","age":36,"country":"China","phone":"2869088207"},
{"id":82,"first_name":"Farra","last_name":"Silberschatz","email":"fsilberschatz29@privacy.gov.au","date_of_birth":"1998-08-14T03:29:17Z","age":43,"country":"Indonesia","phone":"6652331531"},
{"id":83,"first_name":"Georg","last_name":"Ferfulle","email":"gferfulle2a@youtube.com","date_of_birth":"2004-05-13T01:48:58Z","age":34,"country":"Czech Republic","phone":"1135679676"},
{"id":84,"first_name":"Freida","last_name":"Fattorini","email":"ffattorini2b@qq.com","date_of_birth":"1981-03-23T20:44:24Z","age":32,"country":"China","phone":"1008574393"},
{"id":85,"first_name":"Marthe","last_name":"Vedenyakin","email":"mvedenyakin2c@walmart.com","date_of_birth":"2018-05-01T04:30:05Z","age":44,"country":"Argentina","phone":"5853051881"},
{"id":86,"first_name":"Jobi","last_name":"Whorton","email":"jwhorton2d@infoseek.co.jp","date_of_birth":"1981-12-02T01:28:10Z","age":44,"country":"China","phone":"7832545629"},
{"id":87,"first_name":"Ike","last_name":"Swetman","email":"iswetman2e@t.co","date_of_birth":"1975-08-04T04:54:13Z","age":51,"country":"Vietnam","phone":"7041018036"},
{"id":88,"first_name":"Modestia","last_name":"Spragg","email":"mspragg2f@mediafire.com","date_of_birth":"1983-06-07T11:45:19Z","age":37,"country":"Slovenia","phone":"9209867216"},
{"id":89,"first_name":"Darill","last_name":"Sturte","email":"dsturte2g@columbia.edu","date_of_birth":"1980-06-06T06:28:36Z","age":33,"country":"Brazil","phone":"7152965163"},
{"id":90,"first_name":"Derrek","last_name":"Myrtle","email":"dmyrtle2h@pinterest.com","date_of_birth":"1997-09-30T14:11:30Z","age":48,"country":"Portugal","phone":"4762033266"},
{"id":91,"first_name":"Reube","last_name":"Surmeir","email":"rsurmeir2i@statcounter.com","date_of_birth":"1973-04-18T19:51:37Z","age":53,"country":"Czech Republic","phone":"3838380845"},
{"id":92,"first_name":"Freedman","last_name":"Oppery","email":"foppery2j@wikipedia.org","date_of_birth":"2010-11-26T21:31:16Z","age":36,"country":"Ukraine","phone":"6493693317"},
{"id":93,"first_name":"Dall","last_name":"Gomby","email":"dgomby2k@ebay.co.uk","date_of_birth":"1985-09-29T00:38:52Z","age":42,"country":"China","phone":"5774870194"},
{"id":94,"first_name":"Georgeta","last_name":"Bastock","email":"gbastock2l@sourceforge.net","date_of_birth":"2004-11-07T15:57:02Z","age":36,"country":"China","phone":"1255378651"},
{"id":95,"first_name":"Rubie","last_name":"Flinn","email":"rflinn2m@plala.or.jp","date_of_birth":"2011-08-19T07:50:41Z","age":18,"country":"Bulgaria","phone":"3513946582"},
{"id":96,"first_name":"Allister","last_name":"Pittock","email":"apittock2n@paypal.com","date_of_birth":"2007-02-23T04:13:05Z","age":27,"country":"Indonesia","phone":"6131787030"},
{"id":97,"first_name":"Cordie","last_name":"Sobieski","email":"csobieski2o@jimdo.com","date_of_birth":"1994-11-16T05:10:12Z","age":46,"country":"China","phone":"1974438984"},
{"id":98,"first_name":"Dian","last_name":"Sumpton","email":"dsumpton2p@sitemeter.com","date_of_birth":"1985-10-20T20:15:30Z","age":54,"country":"Russia","phone":"3238961155"},
{"id":99,"first_name":"Romola","last_name":"Dalgarnowch","email":"rdalgarnowch2q@is.gd","date_of_birth":"1983-03-21T06:36:51Z","age":54,"country":"Ukraine","phone":"3221312671"},
{"id":100,"first_name":"Donielle","last_name":"Spaunton","email":"dspaunton2r@wikimedia.org","date_of_birth":"2017-10-24T04:39:26Z","age":18,"country":"France","phone":"2253561835"},
{"id":101,"first_name":"Willabella","last_name":"Lukins","email":"wlukins2s@nps.gov","date_of_birth":"2017-07-15T04:27:44Z","age":29,"country":"Indonesia","phone":"6217359752"},
{"id":102,"first_name":"Rod","last_name":"Cutmare","email":"rcutmare2t@microsoft.com","date_of_birth":"2003-10-24T08:53:29Z","age":24,"country":"France","phone":"6426790918"},
{"id":103,"first_name":"Wolfy","last_name":"Ducker","email":"wducker2u@yale.edu","date_of_birth":"1971-12-04T10:31:51Z","age":42,"country":"Philippines","phone":"3436702495"},
{"id":104,"first_name":"Yves","last_name":"Bengough","email":"ybengough2v@cbslocal.com","date_of_birth":"1983-08-02T07:24:10Z","age":27,"country":"China","phone":"9151803180"},
{"id":105,"first_name":"Zaccaria","last_name":"Oda","email":"zoda2w@webeden.co.uk","date_of_birth":"1983-04-21T08:03:16Z","age":53,"country":"Russia","phone":"2888937859"},
{"id":106,"first_name":"Boote","last_name":"Dempsey","email":"bdempsey2x@archive.org","date_of_birth":"1974-08-02T21:44:04Z","age":35,"country":"China","phone":"9623262866"},
{"id":107,"first_name":"Ranique","last_name":"Lissandre","email":"rlissandre2y@fema.gov","date_of_birth":"2003-09-15T16:59:48Z","age":32,"country":"Burkina Faso","phone":"6711901342"},
{"id":108,"first_name":"Marin","last_name":"Goodman","email":"mgoodman2z@admin.ch","date_of_birth":"2013-04-15T20:33:35Z","age":24,"country":"Portugal","phone":"9442984799"},
{"id":109,"first_name":"Fredrick","last_name":"Coyle","email":"fcoyle30@elpais.com","date_of_birth":"1977-11-07T19:09:29Z","age":53,"country":"Afghanistan","phone":"7446542985"},
{"id":110,"first_name":"Amie","last_name":"Nelius","email":"anelius31@constantcontact.com","date_of_birth":"1996-01-23T22:22:40Z","age":42,"country":"Bangladesh","phone":"3504510466"},
{"id":111,"first_name":"Sherwood","last_name":"Broad","email":"sbroad32@dropbox.com","date_of_birth":"2013-10-11T05:40:32Z","age":43,"country":"Nepal","phone":"3897402684"},
{"id":112,"first_name":"Colas","last_name":"Haysham","email":"chaysham33@vinaora.com","date_of_birth":"1977-10-02T08:45:03Z","age":39,"country":"Kuwait","phone":"7182898750"},
{"id":113,"first_name":"Horst","last_name":"Hutchinges","email":"hhutchinges34@hexun.com","date_of_birth":"2002-12-25T14:12:07Z","age":27,"country":"Philippines","phone":"6874032708"},
{"id":114,"first_name":"Leta","last_name":"Cancutt","email":"lcancutt35@tripadvisor.com","date_of_birth":"2007-10-17T10:39:34Z","age":52,"country":"El Salvador","phone":"2145860767"},
{"id":115,"first_name":"Norby","last_name":"Trott","email":"ntrott36@cyberchimps.com","date_of_birth":"1978-01-29T16:37:17Z","age":43,"country":"Russia","phone":"2763630145"},
{"id":116,"first_name":"Fernande","last_name":"Coode","email":"fcoode37@huffingtonpost.com","date_of_birth":"1992-04-16T19:47:46Z","age":56,"country":"South Africa","phone":"4706428696"},
{"id":117,"first_name":"Theresina","last_name":"Lemonnier","email":"tlemonnier38@gravatar.com","date_of_birth":"1982-06-17T09:42:03Z","age":24,"country":"Russia","phone":"4067298869"},
{"id":118,"first_name":"Heddie","last_name":"Lesser","email":"hlesser39@comcast.net","date_of_birth":"2018-03-05T08:11:46Z","age":22,"country":"Russia","phone":"3538948895"},
{"id":119,"first_name":"Faunie","last_name":"Rubinfeld","email":"frubinfeld3a@dot.gov","date_of_birth":"1985-02-14T07:15:51Z","age":20,"country":"Mexico","phone":"8106327977"},
{"id":120,"first_name":"Trudy","last_name":"Rouby","email":"trouby3b@japanpost.jp","date_of_birth":"1978-08-21T15:10:51Z","age":50,"country":"Philippines","phone":"9592025408"},
{"id":121,"first_name":"Agneta","last_name":"Betun","email":"abetun3c@sbwire.com","date_of_birth":"2011-08-28T02:58:30Z","age":20,"country":"Poland","phone":"7956933866"},
{"id":122,"first_name":"Anthe","last_name":"Constance","email":"aconstance3d@mail.ru","date_of_birth":"1987-06-11T00:19:03Z","age":44,"country":"Portugal","phone":"8803715162"},
{"id":123,"first_name":"Dante","last_name":"McLeman","email":"dmcleman3e@mlb.com","date_of_birth":"1988-02-06T00:04:02Z","age":42,"country":"China","phone":"3794738407"},
{"id":124,"first_name":"Blanche","last_name":"Edy","email":"bedy3f@istockphoto.com","date_of_birth":"1998-05-15T09:36:01Z","age":20,"country":"China","phone":"1007348414"},
{"id":125,"first_name":"Mayne","last_name":"Jiracek","email":"mjiracek3g@typepad.com","date_of_birth":"1986-10-25T05:57:32Z","age":22,"country":"Indonesia","phone":"5066988561"},
{"id":126,"first_name":"Lydia","last_name":"Kesterton","email":"lkesterton3h@51.la","date_of_birth":"2020-05-07T02:55:28Z","age":42,"country":"Russia","phone":"1364833205"},
{"id":127,"first_name":"Ellette","last_name":"Burnapp","email":"eburnapp3i@nhs.uk","date_of_birth":"2017-11-14T05:17:45Z","age":25,"country":"Indonesia","phone":"9938877694"},
{"id":128,"first_name":"Vitia","last_name":"Dionsetti","email":"vdionsetti3j@soup.io","date_of_birth":"1989-06-03T21:51:57Z","age":36,"country":"Brazil","phone":"4041081128"},
{"id":129,"first_name":"Mignonne","last_name":"McIlvaney","email":"mmcilvaney3k@ted.com","date_of_birth":"1980-03-24T08:57:00Z","age":32,"country":"Indonesia","phone":"4131255520"},
{"id":130,"first_name":"Nathanial","last_name":"Hise","email":"nhise3l@geocities.com","date_of_birth":"2009-03-12T02:34:57Z","age":45,"country":"Indonesia","phone":"7142945559"},
{"id":131,"first_name":"Raye","last_name":"Rontsch","email":"rrontsch3m@163.com","date_of_birth":"1974-06-02T21:12:44Z","age":47,"country":"Indonesia","phone":"8646838733"},
{"id":132,"first_name":"Jose","last_name":"Fice","email":"jfice3n@twitter.com","date_of_birth":"1984-06-04T20:44:49Z","age":34,"country":"Norway","phone":"9148464284"},
{"id":133,"first_name":"Rudolfo","last_name":"Chick","email":"rchick3o@youtube.com","date_of_birth":"2004-11-23T12:48:40Z","age":38,"country":"Sweden","phone":"5662543782"},
{"id":134,"first_name":"Waylan","last_name":"Cashman","email":"wcashman3p@mlb.com","date_of_birth":"1981-09-20T17:42:38Z","age":20,"country":"China","phone":"3953222880"},
{"id":135,"first_name":"Farrand","last_name":"Bowlesworth","email":"fbowlesworth3q@ted.com","date_of_birth":"1973-05-04T06:26:38Z","age":19,"country":"Colombia","phone":"4317131952"},
{"id":136,"first_name":"Lefty","last_name":"Plester","email":"lplester3r@1688.com","date_of_birth":"1998-12-26T20:12:21Z","age":19,"country":"Sweden","phone":"4474040246"},
{"id":137,"first_name":"Portia","last_name":"Fillingham","email":"pfillingham3s@yale.edu","date_of_birth":"1981-08-21T18:20:49Z","age":47,"country":"Portugal","phone":"8938114538"},
{"id":138,"first_name":"Nolana","last_name":"Gurnett","email":"ngurnett3t@slashdot.org","date_of_birth":"1979-09-28T07:42:01Z","age":58,"country":"China","phone":"4968790854"},
{"id":139,"first_name":"Gabriel","last_name":"Cornelis","email":"gcornelis3u@nsw.gov.au","date_of_birth":"1981-03-17T01:29:43Z","age":57,"country":"Portugal","phone":"2519395475"},
{"id":140,"first_name":"Goldarina","last_name":"Jerram","email":"gjerram3v@squarespace.com","date_of_birth":"2000-12-20T10:17:29Z","age":52,"country":"Sweden","phone":"7001750346"},
{"id":141,"first_name":"Vonni","last_name":"Pinks","email":"vpinks3w@house.gov","date_of_birth":"1994-03-08T04:46:25Z","age":35,"country":"Cuba","phone":"5939939688"},
{"id":142,"first_name":"Almeta","last_name":"MacCleod","email":"amaccleod3x@cnbc.com","date_of_birth":"2020-02-23T06:31:50Z","age":41,"country":"Mozambique","phone":"8429990173"},
{"id":143,"first_name":"Franny","last_name":"Moquin","email":"fmoquin3y@miitbeian.gov.cn","date_of_birth":"1982-07-08T10:40:11Z","age":18,"country":"China","phone":"2236028203"},
{"id":144,"first_name":"Monte","last_name":"Gillbee","email":"mgillbee3z@wikipedia.org","date_of_birth":"1997-06-18T22:35:05Z","age":25,"country":"China","phone":"3436092826"},
{"id":145,"first_name":"Rhodie","last_name":"Ingleton","email":"ringleton40@hibu.com","date_of_birth":"1996-03-24T17:24:32Z","age":41,"country":"China","phone":"8836380237"},
{"id":146,"first_name":"Lona","last_name":"Odell","email":"lodell41@economist.com","date_of_birth":"1992-06-23T06:31:37Z","age":54,"country":"Indonesia","phone":"1705145822"},
{"id":147,"first_name":"Kassi","last_name":"Foukx","email":"kfoukx42@mayoclinic.com","date_of_birth":"2013-02-17T12:37:14Z","age":35,"country":"China","phone":"8362398293"},
{"id":148,"first_name":"Brucie","last_name":"Addionisio","email":"baddionisio43@icio.us","date_of_birth":"1994-02-01T14:10:18Z","age":58,"country":"Venezuela","phone":"5401053639"},
{"id":149,"first_name":"Giff","last_name":"Collier","email":"gcollier44@joomla.org","date_of_birth":"2001-06-19T12:32:30Z","age":49,"country":"Sudan","phone":"5082950455"},
{"id":150,"first_name":"Georgeanna","last_name":"Scullin","email":"gscullin45@gizmodo.com","date_of_birth":"2008-06-23T23:43:25Z","age":49,"country":"China","phone":"8796863709"},
{"id":151,"first_name":"Marleen","last_name":"Windus","email":"mwindus46@cornell.edu","date_of_birth":"1981-12-19T17:28:05Z","age":50,"country":"Guyana","phone":"7449866962"},
{"id":152,"first_name":"Aldo","last_name":"Gladhill","email":"agladhill47@youtube.com","date_of_birth":"2001-05-07T15:24:19Z","age":47,"country":"Indonesia","phone":"6486878792"},
{"id":153,"first_name":"Arielle","last_name":"Banaszewski","email":"abanaszewski48@imgur.com","date_of_birth":"2018-12-04T17:39:06Z","age":18,"country":"Brazil","phone":"7933246079"},
{"id":154,"first_name":"Denver","last_name":"Sommerscales","email":"dsommerscales49@shinystat.com","date_of_birth":"2002-10-24T17:47:46Z","age":45,"country":"Cameroon","phone":"9161433181"},
{"id":155,"first_name":"Sloane","last_name":"Carle","email":"scarle4a@weather.com","date_of_birth":"1995-03-13T08:07:18Z","age":52,"country":"Russia","phone":"7073072388"},
{"id":156,"first_name":"Norry","last_name":"Karpeev","email":"nkarpeev4b@jimdo.com","date_of_birth":"1999-03-02T00:58:12Z","age":38,"country":"South Africa","phone":"9327766009"},
{"id":157,"first_name":"Jessey","last_name":"Signoret","email":"jsignoret4c@comsenz.com","date_of_birth":"2005-01-02T06:17:54Z","age":53,"country":"Indonesia","phone":"7449300079"},
{"id":158,"first_name":"Merna","last_name":"Chaperlin","email":"mchaperlin4d@youtu.be","date_of_birth":"1976-05-24T22:46:20Z","age":29,"country":"Malaysia","phone":"3474543653"},
{"id":159,"first_name":"Myrtle","last_name":"Jessen","email":"mjessen4e@merriam-webster.com","date_of_birth":"1989-12-14T18:17:28Z","age":39,"country":"Nigeria","phone":"6517124042"},
{"id":160,"first_name":"Kendell","last_name":"Westfield","email":"kwestfield4f@census.gov","date_of_birth":"2015-05-16T05:19:14Z","age":58,"country":"Indonesia","phone":"2903209471"},
{"id":161,"first_name":"Lenci","last_name":"Banasiak","email":"lbanasiak4g@goodreads.com","date_of_birth":"1990-01-31T10:29:52Z","age":53,"country":"Latvia","phone":"7749405101"},
{"id":162,"first_name":"Lauraine","last_name":"McAleese","email":"lmcaleese4h@nationalgeographic.com","date_of_birth":"1991-12-15T17:10:12Z","age":45,"country":"Philippines","phone":"5416377629"},
{"id":163,"first_name":"Whitaker","last_name":"Straw","email":"wstraw4i@webmd.com","date_of_birth":"1997-06-27T12:38:30Z","age":47,"country":"China","phone":"8381245766"},
{"id":164,"first_name":"Babbie","last_name":"Bouda","email":"bbouda4j@google.co.jp","date_of_birth":"1984-09-24T22:00:56Z","age":52,"country":"Russia","phone":"1125216276"},
{"id":165,"first_name":"Fairlie","last_name":"Vaney","email":"fvaney4k@spotify.com","date_of_birth":"1997-02-15T12:38:13Z","age":27,"country":"Mexico","phone":"4589904980"},
{"id":166,"first_name":"Kalina","last_name":"Fitzsimon","email":"kfitzsimon4l@usatoday.com","date_of_birth":"1988-11-05T12:06:22Z","age":23,"country":"Philippines","phone":"8731176366"},
{"id":167,"first_name":"Maxie","last_name":"Raffin","email":"mraffin4m@google.nl","date_of_birth":"2017-08-05T15:19:05Z","age":56,"country":"Czech Republic","phone":"7953173132"},
{"id":168,"first_name":"Kimmy","last_name":"Gallehock","email":"kgallehock4n@devhub.com","date_of_birth":"2005-01-12T12:47:37Z","age":48,"country":"Greece","phone":"7666382142"},
{"id":169,"first_name":"Ardene","last_name":"Gronauer","email":"agronauer4o@51.la","date_of_birth":"2002-11-10T21:55:18Z","age":40,"country":"Norway","phone":"8198577314"},
{"id":170,"first_name":"Maryrose","last_name":"Camfield","email":"mcamfield4p@nifty.com","date_of_birth":"2015-11-26T08:34:24Z","age":49,"country":"Vietnam","phone":"6968319182"},
{"id":171,"first_name":"Korie","last_name":"Trays","email":"ktrays4q@wordpress.com","date_of_birth":"2015-11-27T21:38:12Z","age":37,"country":"China","phone":"6022038468"},
{"id":172,"first_name":"Julieta","last_name":"O'Connor","email":"joconnor4r@dmoz.org","date_of_birth":"1993-03-20T18:02:37Z","age":21,"country":"Brazil","phone":"9552744266"},
{"id":173,"first_name":"Claiborn","last_name":"Kilmary","email":"ckilmary4s@earthlink.net","date_of_birth":"2004-02-26T04:09:10Z","age":34,"country":"Bosnia and Herzegovina","phone":"9779762748"},
{"id":174,"first_name":"Verina","last_name":"Bamborough","email":"vbamborough4t@cocolog-nifty.com","date_of_birth":"1978-01-14T01:21:11Z","age":28,"country":"Sweden","phone":"8955269624"},
{"id":175,"first_name":"Monty","last_name":"Lots","email":"mlots4u@addthis.com","date_of_birth":"1985-03-28T21:04:08Z","age":33,"country":"Somalia","phone":"4863422257"},
{"id":176,"first_name":"Garold","last_name":"Jobling","email":"gjobling4v@fda.gov","date_of_birth":"1985-06-20T16:52:41Z","age":22,"country":"Sweden","phone":"8454681636"},
{"id":177,"first_name":"Rasla","last_name":"Fenelon","email":"rfenelon4w@etsy.com","date_of_birth":"2016-05-02T14:22:05Z","age":53,"country":"China","phone":"8884477650"},
{"id":178,"first_name":"Parnell","last_name":"Ayshford","email":"payshford4x@amazon.de","date_of_birth":"2015-08-25T20:59:05Z","age":36,"country":"Argentina","phone":"9227124883"},
{"id":179,"first_name":"Bell","last_name":"Weiner","email":"bweiner4y@freewebs.com","date_of_birth":"2010-12-21T22:25:57Z","age":46,"country":"Indonesia","phone":"6086647919"},
{"id":180,"first_name":"Hew","last_name":"Valentine","email":"hvalentine4z@ucla.edu","date_of_birth":"2016-02-08T08:49:47Z","age":26,"country":"Portugal","phone":"7733345451"},
{"id":181,"first_name":"Wainwright","last_name":"Speed","email":"wspeed50@ustream.tv","date_of_birth":"1989-03-12T22:27:03Z","age":21,"country":"Nigeria","phone":"7362207896"},
{"id":182,"first_name":"Carlye","last_name":"Guirard","email":"cguirard51@nifty.com","date_of_birth":"2012-11-08T09:08:47Z","age":24,"country":"Dominica","phone":"2219607640"},
{"id":183,"first_name":"Karim","last_name":"Symms","email":"ksymms52@freewebs.com","date_of_birth":"2007-09-13T03:09:43Z","age":28,"country":"China","phone":"6351835638"},
{"id":184,"first_name":"Amanda","last_name":"Wedon","email":"awedon53@google.com","date_of_birth":"1970-09-30T21:23:52Z","age":55,"country":"Philippines","phone":"5522851424"},
{"id":185,"first_name":"Claribel","last_name":"Northgraves","email":"cnorthgraves54@cpanel.net","date_of_birth":"1980-05-31T09:48:37Z","age":47,"country":"Uganda","phone":"4616273045"},
{"id":186,"first_name":"Emlynne","last_name":"Lindgren","email":"elindgren55@bluehost.com","date_of_birth":"1987-07-30T06:00:41Z","age":45,"country":"Laos","phone":"5482597994"},
{"id":187,"first_name":"Kirby","last_name":"Worsfield","email":"kworsfield56@studiopress.com","date_of_birth":"2010-11-10T14:53:46Z","age":39,"country":"Argentina","phone":"8158702231"},
{"id":188,"first_name":"Twila","last_name":"Latch","email":"tlatch57@w3.org","date_of_birth":"1996-05-29T03:24:13Z","age":57,"country":"Philippines","phone":"6451999308"},
{"id":189,"first_name":"Reinald","last_name":"Cafe","email":"rcafe58@miitbeian.gov.cn","date_of_birth":"2012-07-23T13:12:20Z","age":20,"country":"China","phone":"5809935624"},
{"id":190,"first_name":"Cornie","last_name":"Veal","email":"cveal59@github.com","date_of_birth":"1975-07-26T01:49:31Z","age":54,"country":"China","phone":"2046338354"},
{"id":191,"first_name":"Gustave","last_name":"MacAdam","email":"gmacadam5a@craigslist.org","date_of_birth":"2001-11-04T16:00:15Z","age":56,"country":"Honduras","phone":"8486566568"},
{"id":192,"first_name":"Rachele","last_name":"Timlin","email":"rtimlin5b@cnn.com","date_of_birth":"2005-05-12T19:41:39Z","age":20,"country":"China","phone":"2249942583"},
{"id":193,"first_name":"Basile","last_name":"Barendtsen","email":"bbarendtsen5c@bbc.co.uk","date_of_birth":"2006-08-13T01:40:21Z","age":55,"country":"Indonesia","phone":"1384100187"},
{"id":194,"first_name":"Hedy","last_name":"Wharf","email":"hwharf5d@printfriendly.com","date_of_birth":"1982-10-05T16:58:54Z","age":39,"country":"Estonia","phone":"5276692911"},
{"id":195,"first_name":"Paul","last_name":"Diviney","email":"pdiviney5e@nps.gov","date_of_birth":"1977-02-15T07:26:24Z","age":27,"country":"Benin","phone":"1327001454"},
{"id":196,"first_name":"Nicko","last_name":"Fleming","email":"nfleming5f@gizmodo.com","date_of_birth":"1985-12-26T03:05:15Z","age":39,"country":"China","phone":"5336367370"},
{"id":197,"first_name":"Ree","last_name":"Downse","email":"rdownse5g@utexas.edu","date_of_birth":"2001-03-23T12:06:22Z","age":44,"country":"Philippines","phone":"5237902891"},
{"id":198,"first_name":"Estelle","last_name":"Dinley","email":"edinley5h@homestead.com","date_of_birth":"1989-10-18T07:48:48Z","age":26,"country":"Malaysia","phone":"9066145013"},
{"id":199,"first_name":"Joscelin","last_name":"Rispen","email":"jrispen5i@homestead.com","date_of_birth":"1985-05-19T05:52:35Z","age":23,"country":"China","phone":"1472294203"},
{"id":200,"first_name":"Geoffry","last_name":"Izzatt","email":"gizzatt5j@cbc.ca","date_of_birth":"2011-06-28T02:34:37Z","age":40,"country":"Armenia","phone":"9508588069"}]